nivel,arquivo,categoria,familia,servico,nome,contexto,aliases
categoria,imagens/catalogo/cabelo.webp,Cabelo,,,Cabelo,"Corte, cor, escova, tratamentos e mais","cabeleireiro, cabeleireira, hair, salão de cabelo"
familia,imagens/catalogo/cabelo/corte.webp,Cabelo,Corte,,Corte,"Corte de cabelo, Corte infantil, Corte de franja, Corte com lavagem e finalização","cortes, cortar o cabelo"
servico,imagens/catalogo/cabelo/corte/corte-de-cabelo.webp,Cabelo,Corte,Corte de cabelo,Corte de cabelo,"Reto, Em camadas, Repicado, Bob, Long bob, Pixie","corte, corte feminino, cortar o cabelo"
servico,imagens/catalogo/cabelo/corte/corte-infantil.webp,Cabelo,Corte,Corte infantil,Corte infantil,,"corte criança, corte kids"
servico,imagens/catalogo/cabelo/corte/corte-de-franja.webp,Cabelo,Corte,Corte de franja,Corte de franja,,"franja, aparar franja"
servico,imagens/catalogo/cabelo/corte/corte-com-lavagem-e-finalizacao.webp,Cabelo,Corte,Corte com lavagem e finalização,Corte com lavagem e finalização,,"corte completo, corte lavagem e escova"
familia,imagens/catalogo/cabelo/escova-e-finalizacao.webp,Cabelo,Escova e finalização,,Escova e finalização,"Escova, Babyliss, Chapinha, Lavagem e secagem, Finalização","escovas, finalizações, secagem"
servico,imagens/catalogo/cabelo/escova-e-finalizacao/escova.webp,Cabelo,Escova e finalização,Escova,Escova,"Lisa, Modelada, Com babyliss","escova lisa, escova de cabelo, secar o cabelo"
servico,imagens/catalogo/cabelo/escova-e-finalizacao/babyliss.webp,Cabelo,Escova e finalização,Babyliss,Babyliss,,"ondas, cachos com babyliss, modelador, ondulado"
servico,imagens/catalogo/cabelo/escova-e-finalizacao/chapinha.webp,Cabelo,Escova e finalização,Chapinha,Chapinha,,"prancha, alisar com chapinha"
servico,imagens/catalogo/cabelo/escova-e-finalizacao/lavagem-e-secagem.webp,Cabelo,Escova e finalização,Lavagem e secagem,Lavagem e secagem,,"lavar e secar, lavagem, secagem"
servico,imagens/catalogo/cabelo/escova-e-finalizacao/finalizacao.webp,Cabelo,Escova e finalização,Finalização,Finalização,,"finalização de cabelo, arrumar o cabelo"
familia,imagens/catalogo/cabelo/coloracao.webp,Cabelo,Coloração,,Coloração,"Coloração global, Retoque de raiz, Tonalização, Matização, Correção de cor, Descoloração global","cor, pintar o cabelo, tintura, colorir"
servico,imagens/catalogo/cabelo/coloracao/coloracao-global.webp,Cabelo,Coloração,Coloração global,Coloração global,"Permanente, Sem amônia, Tom sobre tom, Cobertura de brancos","coloração, tintura, tinta, pintar o cabelo"
servico,imagens/catalogo/cabelo/coloracao/retoque-de-raiz.webp,Cabelo,Coloração,Retoque de raiz,Retoque de raiz,,"raiz, retoque, retoque de cor"
servico,imagens/catalogo/cabelo/coloracao/tonalizacao.webp,Cabelo,Coloração,Tonalização,Tonalização,,"tonalizante, tonalizar"
servico,imagens/catalogo/cabelo/coloracao/matizacao.webp,Cabelo,Coloração,Matização,Matização,,"matizar, desamarelador, matizador, tirar o amarelado"
servico,imagens/catalogo/cabelo/coloracao/correcao-de-cor.webp,Cabelo,Coloração,Correção de cor,Correção de cor,,"corrigir a cor, correção, cor errada"
servico,imagens/catalogo/cabelo/coloracao/descoloracao-global.webp,Cabelo,Coloração,Descoloração global,Descoloração global,,"platinado, platinar, descolorir, descoloração"
servico,imagens/catalogo/cabelo/coloracao/coloracao-fantasia.webp,Cabelo,Coloração,Coloração fantasia,Coloração fantasia,,"cor fantasia, cabelo colorido, rosa, azul"
servico,imagens/catalogo/cabelo/coloracao/banho-de-brilho.webp,Cabelo,Coloração,Banho de brilho,Banho de brilho,,"gloss, glossing, banho de gloss"
familia,imagens/catalogo/cabelo/mechas-e-iluminacao.webp,Cabelo,Mechas e iluminação,,Mechas e iluminação,"Mechas, Mechas com corte e tratamento","mechas, luzes, iluminado, iluminação"
servico,imagens/catalogo/cabelo/mechas-e-iluminacao/mechas.webp,Cabelo,Mechas e iluminação,Mechas,Mechas,"Luzes, Balayage, Babylights, Ombré hair, Sombré, Morena iluminada","luzes, mecha, reflexos, iluminação"
servico,imagens/catalogo/cabelo/mechas-e-iluminacao/mechas-com-corte-e-tratamento.webp,Cabelo,Mechas e iluminação,Mechas com corte e tratamento,Mechas com corte e tratamento,,"pacote mechas, mechas completa"
familia,imagens/catalogo/cabelo/alisamento-e-alinhamento.webp,Cabelo,Alisamento e alinhamento,,Alisamento e alinhamento,"Progressiva, Botox capilar, Selagem, Realinhamento, Relaxamento, Escova definitiva","alisar, alisamento, liso, alinhamento"
servico,imagens/catalogo/cabelo/alisamento-e-alinhamento/progressiva.webp,Cabelo,Alisamento e alinhamento,Progressiva,Progressiva,"Orgânica, Sem formol, Vegana, Com ácido, Premium","escova progressiva, alisamento, liso, progressiva de chocolate"
servico,imagens/catalogo/cabelo/alisamento-e-alinhamento/botox-capilar.webp,Cabelo,Alisamento e alinhamento,Botox capilar,Botox capilar,,"btx capilar, btx, botox, redução de volume"
servico,imagens/catalogo/cabelo/alisamento-e-alinhamento/selagem.webp,Cabelo,Alisamento e alinhamento,Selagem,Selagem,,"selagem térmica, selagem capilar"
servico,imagens/catalogo/cabelo/alisamento-e-alinhamento/realinhamento.webp,Cabelo,Alisamento e alinhamento,Realinhamento,Realinhamento,,"realinhamento capilar, realinhamento térmico, alinhamento"
servico,imagens/catalogo/cabelo/alisamento-e-alinhamento/relaxamento.webp,Cabelo,Alisamento e alinhamento,Relaxamento,Relaxamento,,"relaxamento capilar, guanidina, hidróxido, relaxar"
servico,imagens/catalogo/cabelo/alisamento-e-alinhamento/escova-definitiva.webp,Cabelo,Alisamento e alinhamento,Escova definitiva,Escova definitiva,,"definitiva, escova japonesa, definitiva japonesa"
servico,imagens/catalogo/cabelo/alisamento-e-alinhamento/alisamento-com-queratina.webp,Cabelo,Alisamento e alinhamento,Alisamento com queratina,Alisamento com queratina,,"keratina, queratina, alisamento de queratina"
familia,imagens/catalogo/cabelo/tratamentos.webp,Cabelo,Tratamentos,,Tratamentos,"Hidratação, Nutrição, Reconstrução, Cronograma capilar, Cauterização, Plástica dos fios","tratamento capilar, cuidados com o cabelo, terapia capilar"
servico,imagens/catalogo/cabelo/tratamentos/hidratacao.webp,Cabelo,Tratamentos,Hidratação,Hidratação,,"hidratação capilar, hidratar, máscara"
servico,imagens/catalogo/cabelo/tratamentos/nutricao.webp,Cabelo,Tratamentos,Nutrição,Nutrição,,"nutrição capilar, nutrir"
servico,imagens/catalogo/cabelo/tratamentos/reconstrucao.webp,Cabelo,Tratamentos,Reconstrução,Reconstrução,,"reconstrução capilar, queratina, reconstrução com queratina"
servico,imagens/catalogo/cabelo/tratamentos/cronograma-capilar.webp,Cabelo,Tratamentos,Cronograma capilar,Cronograma capilar,,cronograma
servico,imagens/catalogo/cabelo/tratamentos/cauterizacao.webp,Cabelo,Tratamentos,Cauterização,Cauterização,,"cauterização capilar, cauterizar"
servico,imagens/catalogo/cabelo/tratamentos/plastica-dos-fios.webp,Cabelo,Tratamentos,Plástica dos fios,Plástica dos fios,,"plástica capilar, plástica"
servico,imagens/catalogo/cabelo/tratamentos/umectacao.webp,Cabelo,Tratamentos,Umectação,Umectação,,"umectação capilar, umectar, óleo"
servico,imagens/catalogo/cabelo/tratamentos/detox-capilar.webp,Cabelo,Tratamentos,Detox capilar,Detox capilar,,"limpeza do couro cabeludo, detox, esfoliação capilar"
servico,imagens/catalogo/cabelo/tratamentos/tratamento-antiqueda.webp,Cabelo,Tratamentos,Tratamento antiqueda,Tratamento antiqueda,,"queda de cabelo, antiqueda, tricologia, terapia capilar"
servico,imagens/catalogo/cabelo/tratamentos/ampola.webp,Cabelo,Tratamentos,Ampola,Ampola,,"tratamento com ampola, ampola de tratamento"
servico,imagens/catalogo/cabelo/tratamentos/laser-capilar.webp,Cabelo,Tratamentos,Laser capilar,Laser capilar,,"laser para queda, laserterapia capilar"
familia,imagens/catalogo/cabelo/penteados.webp,Cabelo,Penteados,,Penteados,"Penteado, Penteado de noiva, Penteado infantil, Teste de penteado, Dia da noiva","penteado, arrumação, festa"
servico,imagens/catalogo/cabelo/penteados/penteado.webp,Cabelo,Penteados,Penteado,Penteado,"Coque, Semipreso, Preso, Ondas, Trança embutida, Rabo de cavalo","penteado de festa, penteado social, arrumar para festa"
servico,imagens/catalogo/cabelo/penteados/penteado-de-noiva.webp,Cabelo,Penteados,Penteado de noiva,Penteado de noiva,,"noiva, penteado para casamento"
servico,imagens/catalogo/cabelo/penteados/penteado-infantil.webp,Cabelo,Penteados,Penteado infantil,Penteado infantil,,"penteado criança, penteado de daminha"
servico,imagens/catalogo/cabelo/penteados/teste-de-penteado.webp,Cabelo,Penteados,Teste de penteado,Teste de penteado,,prova de penteado
servico,imagens/catalogo/cabelo/penteados/dia-da-noiva.webp,Cabelo,Penteados,Dia da noiva,Dia da noiva,,"dia de noiva, pacote noiva, noiva completo"
familia,imagens/catalogo/cabelo/trancas.webp,Cabelo,Tranças,,Tranças,"Box braids, Knotless braids, Nagô, Twist, Fulani, Goddess braids","trança, braids, trançar"
servico,imagens/catalogo/cabelo/trancas/box-braids.webp,Cabelo,Tranças,Box braids,Box braids,,"tranças box, box, tranças soltas"
servico,imagens/catalogo/cabelo/trancas/knotless-braids.webp,Cabelo,Tranças,Knotless braids,Knotless braids,,"knotless, tranças sem nó"
servico,imagens/catalogo/cabelo/trancas/nago.webp,Cabelo,Tranças,Nagô,Nagô,,"tranças nagô, trança raiz, cornrows, trança rente"
servico,imagens/catalogo/cabelo/trancas/twist.webp,Cabelo,Tranças,Twist,Twist,,"twists, tranças twist, senegalesa, twist senegalês"
servico,imagens/catalogo/cabelo/trancas/fulani.webp,Cabelo,Tranças,Fulani,Fulani,,"fulani braids, tranças fulani"
servico,imagens/catalogo/cabelo/trancas/goddess-braids.webp,Cabelo,Tranças,Goddess braids,Goddess braids,,"goddess, tranças goddess, boho braids"
servico,imagens/catalogo/cabelo/trancas/crochet-braids.webp,Cabelo,Tranças,Crochet braids,Crochet braids,,"crochê, crochet, entrelace"
servico,imagens/catalogo/cabelo/trancas/tranca-boxeadora.webp,Cabelo,Tranças,Trança boxeadora,Trança boxeadora,,"boxeadora, boxer braids, trança dupla"
servico,imagens/catalogo/cabelo/trancas/tranca-embutida.webp,Cabelo,Tranças,Trança embutida,Trança embutida,,"embutida, trança lateral"
servico,imagens/catalogo/cabelo/trancas/manutencao-de-trancas.webp,Cabelo,Tranças,Manutenção de tranças,Manutenção de tranças,,"manutenção das tranças, retoque de tranças"
servico,imagens/catalogo/cabelo/trancas/retirada-de-trancas.webp,Cabelo,Tranças,Retirada de tranças,Retirada de tranças,,"tirar tranças, desmanchar tranças"
servico,imagens/catalogo/cabelo/trancas/dreads.webp,Cabelo,Tranças,Dreads,Dreads,,"dread, dreadlocks, instalação de dreads, locs"
servico,imagens/catalogo/cabelo/trancas/manutencao-de-dreads.webp,Cabelo,Tranças,Manutenção de dreads,Manutenção de dreads,,"retoque de dreads, manutenção de locs"
familia,imagens/catalogo/cabelo/mega-hair-e-extensoes.webp,Cabelo,Mega hair e extensões,,Mega hair e extensões,"Aplicação de mega hair, Manutenção de mega hair, Retirada de mega hair, Aplique tic-tac, Hidratação de mega hair","mega hair, megahair, extensão de cabelo, alongamento de cabelo"
servico,imagens/catalogo/cabelo/mega-hair-e-extensoes/aplicacao-de-mega-hair.webp,Cabelo,Mega hair e extensões,Aplicação de mega hair,Aplicação de mega hair,"Nó italiano, Fita adesiva, Microlink, Queratina, Costura, Nano link","mega hair, megahair, alongamento capilar, extensão capilar"
servico,imagens/catalogo/cabelo/mega-hair-e-extensoes/manutencao-de-mega-hair.webp,Cabelo,Mega hair e extensões,Manutenção de mega hair,Manutenção de mega hair,,"manutenção do mega, retoque de mega"
servico,imagens/catalogo/cabelo/mega-hair-e-extensoes/retirada-de-mega-hair.webp,Cabelo,Mega hair e extensões,Retirada de mega hair,Retirada de mega hair,,"tirar mega, remoção de mega hair"
servico,imagens/catalogo/cabelo/mega-hair-e-extensoes/aplique-tic-tac.webp,Cabelo,Mega hair e extensões,Aplique tic-tac,Aplique tic-tac,,"tic tac, aplique, aplique de festa"
servico,imagens/catalogo/cabelo/mega-hair-e-extensoes/hidratacao-de-mega-hair.webp,Cabelo,Mega hair e extensões,Hidratação de mega hair,Hidratação de mega hair,,tratamento do mega
familia,imagens/catalogo/cabelo/cachos.webp,Cabelo,Cachos,,Cachos,"Corte para cachos, Finalização de cachos, Hidratação para cachos, Transição capilar, Permanente afro, Texturização","cacheados, crespos, cachos, curly"
servico,imagens/catalogo/cabelo/cachos/corte-para-cachos.webp,Cabelo,Cachos,Corte para cachos,Corte para cachos,,"curly cut, corte de cacheado, corte seco"
servico,imagens/catalogo/cabelo/cachos/finalizacao-de-cachos.webp,Cabelo,Cachos,Finalização de cachos,Finalização de cachos,,"fitagem, dedoliss, day after, finalizar cachos"
servico,imagens/catalogo/cabelo/cachos/hidratacao-para-cachos.webp,Cabelo,Cachos,Hidratação para cachos,Hidratação para cachos,,"hidratação cacheado, hidratação crespo"
servico,imagens/catalogo/cabelo/cachos/transicao-capilar.webp,Cabelo,Cachos,Transição capilar,Transição capilar,,"big chop, transição, corte de transição"
servico,imagens/catalogo/cabelo/cachos/permanente-afro.webp,Cabelo,Cachos,Permanente afro,Permanente afro,,"permanente, afro, cachos de permanente"
servico,imagens/catalogo/cabelo/cachos/texturizacao.webp,Cabelo,Cachos,Texturização,Texturização,,"textura, texturizar, texturização capilar"
servico,imagens/catalogo/cabelo/cachos/penteado-para-cachos.webp,Cabelo,Cachos,Penteado para cachos,Penteado para cachos,,"penteado afro, puff, coque afro"
categoria,imagens/catalogo/unhas.webp,Unhas,,,Unhas,"Manicure, gel, alongamento e nail art","unha, manicure, nail, nail designer, esmalteria"
familia,imagens/catalogo/unhas/manicure.webp,Unhas,Manicure,,Manicure,"Manicure, Manicure e pedicure, Cutilagem, Spa das mãos","mão, mãos, unha da mão"
servico,imagens/catalogo/unhas/manicure/manicure.webp,Unhas,Manicure,Manicure,Manicure,"Tradicional, Russa, Sem cutilagem","mão, mãos, unha da mão, fazer a mão"
servico,imagens/catalogo/unhas/manicure/manicure-e-pedicure.webp,Unhas,Manicure,Manicure e pedicure,Manicure e pedicure,,"pé e mão, mão e pé, mãos e pés, manicure + pedicure"
servico,imagens/catalogo/unhas/manicure/cutilagem.webp,Unhas,Manicure,Cutilagem,Cutilagem,,"tirar cutícula, cutícula"
servico,imagens/catalogo/unhas/manicure/spa-das-maos.webp,Unhas,Manicure,Spa das mãos,Spa das mãos,,"hidratação das mãos, spa de mãos"
familia,imagens/catalogo/unhas/pedicure.webp,Unhas,Pedicure,,Pedicure,"Pedicure, Spa dos pés, Cuidado com calos","pé, pés, unha do pé"
servico,imagens/catalogo/unhas/pedicure/pedicure.webp,Unhas,Pedicure,Pedicure,Pedicure,"Tradicional, Russa, Com esfoliação","pé, pés, unha do pé, fazer o pé"
servico,imagens/catalogo/unhas/pedicure/spa-dos-pes.webp,Unhas,Pedicure,Spa dos pés,Spa dos pés,,"spa pés, hidratação dos pés, spa de pés, escalda-pés com pedicure"
servico,imagens/catalogo/unhas/pedicure/cuidado-com-calos.webp,Unhas,Pedicure,Cuidado com calos,Cuidado com calos,,"calo, calos, remoção de calos, calosidade"
familia,imagens/catalogo/unhas/esmaltacao.webp,Unhas,Esmaltação,,Esmaltação,"Esmaltação comum, Esmaltação em gel, Francesinha, Troca de esmalte, Esmaltação em gel pés","esmalte, esmaltar, pintar as unhas"
servico,imagens/catalogo/unhas/esmaltacao/esmaltacao-comum.webp,Unhas,Esmaltação,Esmaltação comum,Esmaltação comum,,"esmaltação simples, esmaltação tradicional, esmalte comum, só esmaltar"
servico,imagens/catalogo/unhas/esmaltacao/esmaltacao-em-gel.webp,Unhas,Esmaltação,Esmaltação em gel,Esmaltação em gel,"Com cutilagem, Sem cutilagem, Francesinha, Baby boomer, Com nail art","gel, esmalte em gel, esmaltação gel, unha de gel"
servico,imagens/catalogo/unhas/esmaltacao/francesinha.webp,Unhas,Esmaltação,Francesinha,Francesinha,,"francesa, french, unha francesinha"
servico,imagens/catalogo/unhas/esmaltacao/troca-de-esmalte.webp,Unhas,Esmaltação,Troca de esmalte,Troca de esmalte,,"trocar esmalte, remover e esmaltar"
servico,imagens/catalogo/unhas/esmaltacao/esmaltacao-em-gel-pes.webp,Unhas,Esmaltação,Esmaltação em gel pés,Esmaltação em gel pés,,"gel no pé, esmaltação em gel pedicure"
familia,imagens/catalogo/unhas/alongamento.webp,Unhas,Alongamento,,Alongamento,"Alongamento de unhas, Reparo de unha, Alongamento de uma unha","alongamentos, unha de gel, unha postiça, alongar"
servico,imagens/catalogo/unhas/alongamento/alongamento-de-unhas.webp,Unhas,Alongamento,Alongamento de unhas,Alongamento de unhas,"Soft gel, Fibra de vidro, Molde F1, Tips, Acrílico, Acrigel","alongamento, unha de gel, unha alongada, aplicação de alongamento"
servico,imagens/catalogo/unhas/alongamento/reparo-de-unha.webp,Unhas,Alongamento,Reparo de unha,Reparo de unha,,"conserto, unha quebrada, reparo, colar unha"
servico,imagens/catalogo/unhas/alongamento/alongamento-de-uma-unha.webp,Unhas,Alongamento,Alongamento de uma unha,Alongamento de uma unha,,"uma unha, reposição de unha"
familia,imagens/catalogo/unhas/blindagem-e-banho-de-gel.webp,Unhas,Blindagem e banho de gel,,Blindagem e banho de gel,"Blindagem, Banho de gel, Manutenção de banho de gel","blindagem, banho de gel, fortalecimento"
servico,imagens/catalogo/unhas/blindagem-e-banho-de-gel/blindagem.webp,Unhas,Blindagem e banho de gel,Blindagem,Blindagem,"Com gel, Com fibra, Com acrigel","blindagem de unhas, blindar, fortalecimento, unha blindada"
servico,imagens/catalogo/unhas/blindagem-e-banho-de-gel/banho-de-gel.webp,Unhas,Blindagem e banho de gel,Banho de gel,Banho de gel,,"banho em gel, capa de gel, gel na unha natural, nivelamento"
servico,imagens/catalogo/unhas/blindagem-e-banho-de-gel/manutencao-de-banho-de-gel.webp,Unhas,Blindagem e banho de gel,Manutenção de banho de gel,Manutenção de banho de gel,,manutenção banho de gel
familia,imagens/catalogo/unhas/manutencao-e-remocao.webp,Unhas,Manutenção e remoção,,Manutenção e remoção,"Manutenção de gel, Manutenção de alongamento, Remoção de gel, Remoção de alongamento, Manutenção de blindagem","manutenção, remoção, tirar o gel"
servico,imagens/catalogo/unhas/manutencao-e-remocao/manutencao-de-gel.webp,Unhas,Manutenção e remoção,Manutenção de gel,Manutenção de gel,,"manutenção em gel, manutenção de esmaltação em gel, manutenção"
servico,imagens/catalogo/unhas/manutencao-e-remocao/manutencao-de-alongamento.webp,Unhas,Manutenção e remoção,Manutenção de alongamento,Manutenção de alongamento,,"manutenção do alongamento, manutenção de unha de gel, manutenção de fibra"
servico,imagens/catalogo/unhas/manutencao-e-remocao/remocao-de-gel.webp,Unhas,Manutenção e remoção,Remoção de gel,Remoção de gel,,"remoção de esmalte em gel, tirar o gel, remoção gel, remover gel"
servico,imagens/catalogo/unhas/manutencao-e-remocao/remocao-de-alongamento.webp,Unhas,Manutenção e remoção,Remoção de alongamento,Remoção de alongamento,,"tirar alongamento, remoção de fibra, remoção de acrílico, remover alongamento"
servico,imagens/catalogo/unhas/manutencao-e-remocao/manutencao-de-blindagem.webp,Unhas,Manutenção e remoção,Manutenção de blindagem,Manutenção de blindagem,,manutenção da blindagem
familia,imagens/catalogo/unhas/nail-art.webp,Unhas,Nail art,,Nail art,"Nail art, Decoração por unha, Unha de festa","decoração de unhas, unha decorada, desenho na unha, arte"
servico,imagens/catalogo/unhas/nail-art/nail-art.webp,Unhas,Nail art,Nail art,Nail art,"Francesinha decorada, Pedrarias, Encapsulada, Cromada, Baby boomer, Jelly","decoração, decoração de unhas, desenho, unha decorada"
servico,imagens/catalogo/unhas/nail-art/decoracao-por-unha.webp,Unhas,Nail art,Decoração por unha,Decoração por unha,,"uma unha decorada, desenho em uma unha, por unha"
servico,imagens/catalogo/unhas/nail-art/unha-de-festa.webp,Unhas,Nail art,Unha de festa,Unha de festa,,"unha para casamento, unha de noiva, unha de formatura"
familia,imagens/catalogo/unhas/spa-e-cuidados.webp,Unhas,Spa e cuidados,,Spa e cuidados,"Banho de parafina, Esfoliação de mãos e pés, Tratamento para unhas fracas","cuidados com as unhas, parafina, esfoliação"
servico,imagens/catalogo/unhas/spa-e-cuidados/banho-de-parafina.webp,Unhas,Spa e cuidados,Banho de parafina,Banho de parafina,,"parafina, parafina nas mãos, parafina nos pés"
servico,imagens/catalogo/unhas/spa-e-cuidados/esfoliacao-de-maos-e-pes.webp,Unhas,Spa e cuidados,Esfoliação de mãos e pés,Esfoliação de mãos e pés,,"esfoliação, esfoliar"
servico,imagens/catalogo/unhas/spa-e-cuidados/tratamento-para-unhas-fracas.webp,Unhas,Spa e cuidados,Tratamento para unhas fracas,Tratamento para unhas fracas,,"unhas fracas, fortalecedor, tratamento de unha"
categoria,imagens/catalogo/cilios.webp,Cílios,,,Cílios,"Extensão, volume, lifting e manutenção","cílio, cilios, lash, lash designer, cílios"
familia,imagens/catalogo/cilios/extensao-de-cilios.webp,Cílios,Extensão de cílios,,Extensão de cílios,"Extensão de cílios, Extensão de cílios inferiores","extensão, alongamento de cílios, cílios postiços permanentes, lash extension"
servico,imagens/catalogo/cilios/extensao-de-cilios/extensao-de-cilios.webp,Cílios,Extensão de cílios,Extensão de cílios,Extensão de cílios,"Fio a fio, Volume brasileiro, Volume russo, Volume egípcio, Híbrido, Mega volume","alongamento de cílios, aplicação de cílios, cílios fio a fio, extensão"
servico,imagens/catalogo/cilios/extensao-de-cilios/extensao-de-cilios-inferiores.webp,Cílios,Extensão de cílios,Extensão de cílios inferiores,Extensão de cílios inferiores,,"cílios inferiores, cílios de baixo"
familia,imagens/catalogo/cilios/manutencao.webp,Cílios,Manutenção,,Manutenção,Manutenção de cílios,"manutenção de cílios, reposição, retoque"
servico,imagens/catalogo/cilios/manutencao/manutencao-de-cilios.webp,Cílios,Manutenção,Manutenção de cílios,Manutenção de cílios,"15 dias, 21 dias, 30 dias","manutenção, manutenção de extensão, reposição de cílios, retoque de cílios"
familia,imagens/catalogo/cilios/remocao.webp,Cílios,Remoção,,Remoção,Remoção de extensão,"retirada, tirar cílios"
servico,imagens/catalogo/cilios/remocao/remocao-de-extensao.webp,Cílios,Remoção,Remoção de extensão,Remoção de extensão,,"remoção de cílios, retirada de cílios, tirar extensão, remover cílios"
familia,imagens/catalogo/cilios/lash-lifting.webp,Cílios,Lash lifting,,Lash lifting,"Lash lifting, Botox de cílios, Lash lifting e brow lamination","lifting, lifting de cílios, curvatura"
servico,imagens/catalogo/cilios/lash-lifting/lash-lifting.webp,Cílios,Lash lifting,Lash lifting,Lash lifting,"Com tintura, Com botox, Natural","lifting de cílios, lash, lash lift, curvatura de cílios"
servico,imagens/catalogo/cilios/lash-lifting/botox-de-cilios.webp,Cílios,Lash lifting,Botox de cílios,Botox de cílios,,"lash botox, nutrição de cílios, tratamento de cílios"
servico,imagens/catalogo/cilios/lash-lifting/lash-lifting-e-brow-lamination.webp,Cílios,Lash lifting,Lash lifting e brow lamination,Lash lifting e brow lamination,,"lifting + lamination, combo lifting e lamination"
familia,imagens/catalogo/cilios/coloracao-e-posticos.webp,Cílios,Coloração e postiços,,Coloração e postiços,"Tintura de cílios, Aplicação de cílios postiços","tintura de cílios, cílios postiços"
servico,imagens/catalogo/cilios/coloracao-e-posticos/tintura-de-cilios.webp,Cílios,Coloração e postiços,Tintura de cílios,Tintura de cílios,,"coloração de cílios, tingimento de cílios, pintar os cílios"
servico,imagens/catalogo/cilios/coloracao-e-posticos/aplicacao-de-cilios-posticos.webp,Cílios,Coloração e postiços,Aplicação de cílios postiços,Aplicação de cílios postiços,,"cílios postiços, postiços, tufinho, cílios de tufo"
categoria,imagens/catalogo/sobrancelhas.webp,Sobrancelhas,,,Sobrancelhas,"Design, henna, tintura, lamination e cuidados","sobrancelha, brow, designer de sobrancelhas, sobrancelhas"
familia,imagens/catalogo/sobrancelhas/design.webp,Sobrancelhas,Design,,Design,"Design de sobrancelhas, Manutenção de design","design de sobrancelha, fazer a sobrancelha, limpeza de sobrancelha"
servico,imagens/catalogo/sobrancelhas/design/design-de-sobrancelhas.webp,Sobrancelhas,Design,Design de sobrancelhas,Design de sobrancelhas,"Com pinça, Com linha, Com cera, Com navalha, Com paquímetro","sobrancelha, design, fazer sobrancelha, limpeza de sobrancelha"
servico,imagens/catalogo/sobrancelhas/design/manutencao-de-design.webp,Sobrancelhas,Design,Manutenção de design,Manutenção de design,,"manutenção de sobrancelha, retoque de sobrancelha, limpeza"
familia,imagens/catalogo/sobrancelhas/henna-e-tintura.webp,Sobrancelhas,Henna e tintura,,Henna e tintura,"Design com henna, Tintura de sobrancelha, Retoque de henna","henna, tintura de sobrancelha, colorir sobrancelha"
servico,imagens/catalogo/sobrancelhas/henna-e-tintura/design-com-henna.webp,Sobrancelhas,Henna e tintura,Design com henna,Design com henna,,"henna, sobrancelha de henna, henna na sobrancelha, aplicação de henna"
servico,imagens/catalogo/sobrancelhas/henna-e-tintura/tintura-de-sobrancelha.webp,Sobrancelhas,Henna e tintura,Tintura de sobrancelha,Tintura de sobrancelha,,"coloração de sobrancelha, tingimento de sobrancelha, pintar a sobrancelha, tintura"
servico,imagens/catalogo/sobrancelhas/henna-e-tintura/retoque-de-henna.webp,Sobrancelhas,Henna e tintura,Retoque de henna,Retoque de henna,,"só a henna, reaplicação de henna"
familia,imagens/catalogo/sobrancelhas/brow-lamination.webp,Sobrancelhas,Brow lamination,,Brow lamination,"Brow lamination, Botox de sobrancelha","laminação, laminação de sobrancelhas, lamination"
servico,imagens/catalogo/sobrancelhas/brow-lamination/brow-lamination.webp,Sobrancelhas,Brow lamination,Brow lamination,Brow lamination,"Com tintura, Com henna, Com nutrição, Natural","laminação de sobrancelhas, laminação, lamination, sobrancelha laminada"
servico,imagens/catalogo/sobrancelhas/brow-lamination/botox-de-sobrancelha.webp,Sobrancelhas,Brow lamination,Botox de sobrancelha,Botox de sobrancelha,,"nutrição de sobrancelha, tratamento de sobrancelha, brow botox"
familia,imagens/catalogo/sobrancelhas/reconstrucao-e-cuidados.webp,Sobrancelhas,Reconstrução e cuidados,,Reconstrução e cuidados,"Reconstrução de sobrancelhas, Hidratação de sobrancelhas","reconstrução, tratamento de sobrancelha, hidratação de sobrancelha"
servico,imagens/catalogo/sobrancelhas/reconstrucao-e-cuidados/reconstrucao-de-sobrancelhas.webp,Sobrancelhas,Reconstrução e cuidados,Reconstrução de sobrancelhas,Reconstrução de sobrancelhas,,"reconstrução, sobrancelha com falhas, preenchimento de falhas, sobrancelha falhada"
servico,imagens/catalogo/sobrancelhas/reconstrucao-e-cuidados/hidratacao-de-sobrancelhas.webp,Sobrancelhas,Reconstrução e cuidados,Hidratação de sobrancelhas,Hidratação de sobrancelhas,,"nutrição, hidratação, cuidados"
categoria,imagens/catalogo/maquiagem.webp,Maquiagem,,,Maquiagem,"Social, noiva, festa e cursos","make, maquiadora, maquiador, makeup"
familia,imagens/catalogo/maquiagem/maquiagem.webp,Maquiagem,Maquiagem,,Maquiagem,"Maquiagem social, Maquiagem para noiva, Maquiagem para madrinhas, Maquiagem para formatura, Maquiagem para ensaio fotográfico, Maquiagem para debutante","make, maquiagem social, maquiagem de festa"
servico,imagens/catalogo/maquiagem/maquiagem/maquiagem-social.webp,Maquiagem,Maquiagem,Maquiagem social,Maquiagem social,"Natural, Glam, Esfumado, Cut crease, Pele iluminada, Com cílios postiços","make social, make, maquiagem de festa, maquiagem para evento"
servico,imagens/catalogo/maquiagem/maquiagem/maquiagem-para-noiva.webp,Maquiagem,Maquiagem,Maquiagem para noiva,Maquiagem para noiva,,"make de noiva, noiva, maquiagem de casamento"
servico,imagens/catalogo/maquiagem/maquiagem/maquiagem-para-madrinhas.webp,Maquiagem,Maquiagem,Maquiagem para madrinhas,Maquiagem para madrinhas,,"madrinha, make madrinha"
servico,imagens/catalogo/maquiagem/maquiagem/maquiagem-para-formatura.webp,Maquiagem,Maquiagem,Maquiagem para formatura,Maquiagem para formatura,,"formanda, make de formatura"
servico,imagens/catalogo/maquiagem/maquiagem/maquiagem-para-ensaio-fotografico.webp,Maquiagem,Maquiagem,Maquiagem para ensaio fotográfico,Maquiagem para ensaio fotográfico,,"ensaio, make para foto, book"
servico,imagens/catalogo/maquiagem/maquiagem/maquiagem-para-debutante.webp,Maquiagem,Maquiagem,Maquiagem para debutante,Maquiagem para debutante,,"15 anos, debutante, make 15 anos"
servico,imagens/catalogo/maquiagem/maquiagem/maquiagem-artistica.webp,Maquiagem,Maquiagem,Maquiagem artística,Maquiagem artística,,"carnaval, fantasia, caracterização, halloween"
servico,imagens/catalogo/maquiagem/maquiagem/maquiagem-infantil.webp,Maquiagem,Maquiagem,Maquiagem infantil,Maquiagem infantil,,"make infantil, maquiagem criança"
servico,imagens/catalogo/maquiagem/maquiagem/teste-de-maquiagem.webp,Maquiagem,Maquiagem,Teste de maquiagem,Teste de maquiagem,,"prova de make, teste de make"
servico,imagens/catalogo/maquiagem/maquiagem/maquiagem-express.webp,Maquiagem,Maquiagem,Maquiagem express,Maquiagem express,,"make rápida, retoque de make, express"
familia,imagens/catalogo/maquiagem/pele-e-preparacao.webp,Maquiagem,Pele e preparação,,Pele e preparação,"Preparação de pele, Limpeza de pele pré-make","preparação de pele, skin prep"
servico,imagens/catalogo/maquiagem/pele-e-preparacao/preparacao-de-pele.webp,Maquiagem,Pele e preparação,Preparação de pele,Preparação de pele,,"skin prep, preparar a pele, pele para maquiagem"
servico,imagens/catalogo/maquiagem/pele-e-preparacao/limpeza-de-pele-pre-make.webp,Maquiagem,Pele e preparação,Limpeza de pele pré-make,Limpeza de pele pré-make,,limpeza antes da make
familia,imagens/catalogo/maquiagem/cursos.webp,Maquiagem,Cursos,,Cursos,"Curso de automaquiagem, Aula particular de maquiagem","curso de maquiagem, aula, automaquiagem"
servico,imagens/catalogo/maquiagem/cursos/curso-de-automaquiagem.webp,Maquiagem,Cursos,Curso de automaquiagem,Curso de automaquiagem,,"auto maquiagem, aula de maquiagem, automaquiagem, aprender a se maquiar"
servico,imagens/catalogo/maquiagem/cursos/aula-particular-de-maquiagem.webp,Maquiagem,Cursos,Aula particular de maquiagem,Aula particular de maquiagem,,"aula individual, mentoria de make"
categoria,imagens/catalogo/depilacao.webp,Depilação,,,Depilação,"Cera, linha, laser e luz pulsada","depilar, depiladora, epilação, tirar pelo"
familia,imagens/catalogo/depilacao/cera.webp,Depilação,Cera,,Cera,"Depilação com cera, Virilha completa, Virilha simples, Perna completa, Meia perna, Axila","depilação com cera, cera quente, cera roll-on, cera fria"
servico,imagens/catalogo/depilacao/cera/depilacao-com-cera.webp,Depilação,Cera,Depilação com cera,Depilação com cera,"Cera quente, Cera roll-on, Cera fria, Cera espanhola","cera, depilação, depilar"
servico,imagens/catalogo/depilacao/cera/virilha-completa.webp,Depilação,Cera,Virilha completa,Virilha completa,,"virilha cavada, virilha total, íntima completa"
servico,imagens/catalogo/depilacao/cera/virilha-simples.webp,Depilação,Cera,Virilha simples,Virilha simples,,"virilha comum, virilha básica, contorno de virilha"
servico,imagens/catalogo/depilacao/cera/perna-completa.webp,Depilação,Cera,Perna completa,Perna completa,,"pernas completas, perna inteira, pernas"
servico,imagens/catalogo/depilacao/cera/meia-perna.webp,Depilação,Cera,Meia perna,Meia perna,,"meia perna, perna até o joelho"
servico,imagens/catalogo/depilacao/cera/axila.webp,Depilação,Cera,Axila,Axila,,"axilas, sovaco"
servico,imagens/catalogo/depilacao/cera/buco.webp,Depilação,Cera,Buço,Buço,,"buço, bigode, labio superior"
servico,imagens/catalogo/depilacao/cera/rosto-completo.webp,Depilação,Cera,Rosto completo,Rosto completo,,"face, rosto, depilação facial"
servico,imagens/catalogo/depilacao/cera/braco.webp,Depilação,Cera,Braço,Braço,,"braços, braço completo"
servico,imagens/catalogo/depilacao/cera/costas.webp,Depilação,Cera,Costas,Costas,,"costa, depilação de costas"
servico,imagens/catalogo/depilacao/cera/peito-e-abdomen.webp,Depilação,Cera,Peito e abdômen,Peito e abdômen,,"peito, abdômen, barriga, tórax"
servico,imagens/catalogo/depilacao/cera/gluteos.webp,Depilação,Cera,Glúteos,Glúteos,,"bumbum, nádegas, glúteo"
servico,imagens/catalogo/depilacao/cera/corpo-inteiro.webp,Depilação,Cera,Corpo inteiro,Corpo inteiro,,"depilação completa, corpo todo, completa"
familia,imagens/catalogo/depilacao/linha.webp,Depilação,Linha,,Linha,"Depilação com linha, Buço com linha, Rosto com linha","depilação com linha, egípcia, threading"
servico,imagens/catalogo/depilacao/linha/depilacao-com-linha.webp,Depilação,Linha,Depilação com linha,Depilação com linha,,"linha, egípcia, epilação egípcia, threading"
servico,imagens/catalogo/depilacao/linha/buco-com-linha.webp,Depilação,Linha,Buço com linha,Buço com linha,,buço na linha
servico,imagens/catalogo/depilacao/linha/rosto-com-linha.webp,Depilação,Linha,Rosto com linha,Rosto com linha,,"rosto na linha, face na linha"
familia,imagens/catalogo/depilacao/laser-e-luz-pulsada.webp,Depilação,Laser e luz pulsada,,Laser e luz pulsada,"Depilação a laser, Laser axila, Laser virilha, Laser perna completa, Laser rosto, Laser corpo inteiro","laser, depilação a laser, luz pulsada, ipl"
servico,imagens/catalogo/depilacao/laser-e-luz-pulsada/depilacao-a-laser.webp,Depilação,Laser e luz pulsada,Depilação a laser,Depilação a laser,"Diodo, Alexandrite, Nd:YAG","laser, depilação definitiva, sessão de laser, a laser"
servico,imagens/catalogo/depilacao/laser-e-luz-pulsada/laser-axila.webp,Depilação,Laser e luz pulsada,Laser axila,Laser axila,,laser nas axilas
servico,imagens/catalogo/depilacao/laser-e-luz-pulsada/laser-virilha.webp,Depilação,Laser e luz pulsada,Laser virilha,Laser virilha,,"laser na virilha, laser íntimo"
servico,imagens/catalogo/depilacao/laser-e-luz-pulsada/laser-perna-completa.webp,Depilação,Laser e luz pulsada,Laser perna completa,Laser perna completa,,laser nas pernas
servico,imagens/catalogo/depilacao/laser-e-luz-pulsada/laser-rosto.webp,Depilação,Laser e luz pulsada,Laser rosto,Laser rosto,,"laser no buço, laser facial"
servico,imagens/catalogo/depilacao/laser-e-luz-pulsada/laser-corpo-inteiro.webp,Depilação,Laser e luz pulsada,Laser corpo inteiro,Laser corpo inteiro,,"laser completo, pacote laser"
servico,imagens/catalogo/depilacao/laser-e-luz-pulsada/luz-pulsada.webp,Depilação,Laser e luz pulsada,Luz pulsada,Luz pulsada,,"ipl, fotodepilação, luz intensa pulsada"
familia,imagens/catalogo/depilacao/cuidados.webp,Depilação,Cuidados,,Cuidados,"Esfoliação pré-depilação, Tratamento de foliculite, Clareamento de virilha","pré-depilação, pós-depilação, foliculite"
servico,imagens/catalogo/depilacao/cuidados/esfoliacao-pre-depilacao.webp,Depilação,Cuidados,Esfoliação pré-depilação,Esfoliação pré-depilação,,"esfoliação, esfoliar antes da cera"
servico,imagens/catalogo/depilacao/cuidados/tratamento-de-foliculite.webp,Depilação,Cuidados,Tratamento de foliculite,Tratamento de foliculite,,"foliculite, pelo encravado, pelos encravados"
servico,imagens/catalogo/depilacao/cuidados/clareamento-de-virilha.webp,Depilação,Cuidados,Clareamento de virilha,Clareamento de virilha,,"clareamento íntimo, clareamento de axilas, clareamento"
categoria,imagens/catalogo/estetica-facial.webp,Estética facial,,,Estética facial,"Limpeza de pele, peeling, protocolos e tecnologias","rosto, facial, esteticista, skincare, pele"
familia,imagens/catalogo/estetica-facial/limpeza-de-pele.webp,Estética facial,Limpeza de pele,,Limpeza de pele,"Limpeza de pele, Hidradermoabrasão, Limpeza de pele com peeling, Limpeza de pele para adolescentes","limpeza facial, skin care, limpar a pele"
servico,imagens/catalogo/estetica-facial/limpeza-de-pele/limpeza-de-pele.webp,Estética facial,Limpeza de pele,Limpeza de pele,Limpeza de pele,"Profunda, Com alta frequência, Com máscara, Com LED, Express","limpeza facial, limpeza de pele profunda, skincare, limpeza"
servico,imagens/catalogo/estetica-facial/limpeza-de-pele/hidradermoabrasao.webp,Estética facial,Limpeza de pele,Hidradermoabrasão,Hidradermoabrasão,,"hydrafacial, hydra facial, hidra facial, hidro facial"
servico,imagens/catalogo/estetica-facial/limpeza-de-pele/limpeza-de-pele-com-peeling.webp,Estética facial,Limpeza de pele,Limpeza de pele com peeling,Limpeza de pele com peeling,,"limpeza + peeling, limpeza e peeling"
servico,imagens/catalogo/estetica-facial/limpeza-de-pele/limpeza-de-pele-para-adolescentes.webp,Estética facial,Limpeza de pele,Limpeza de pele para adolescentes,Limpeza de pele para adolescentes,,"limpeza teen, acne juvenil"
familia,imagens/catalogo/estetica-facial/peeling.webp,Estética facial,Peeling,,Peeling,"Peeling químico, Peeling de diamante, Peeling de cristal, Peeling ultrassônico, Dermaplaning","peelings, renovação celular, esfoliação química"
servico,imagens/catalogo/estetica-facial/peeling/peeling-quimico.webp,Estética facial,Peeling,Peeling químico,Peeling químico,"Ácido glicólico, Ácido mandélico, Ácido salicílico, Ácido retinoico, TCA, Peeling de verão","peeling, peeling de ácido, ácido"
servico,imagens/catalogo/estetica-facial/peeling/peeling-de-diamante.webp,Estética facial,Peeling,Peeling de diamante,Peeling de diamante,,"peeling mecânico, microdermoabrasão, diamante"
servico,imagens/catalogo/estetica-facial/peeling/peeling-de-cristal.webp,Estética facial,Peeling,Peeling de cristal,Peeling de cristal,,"cristal, peeling de cristal"
servico,imagens/catalogo/estetica-facial/peeling/peeling-ultrassonico.webp,Estética facial,Peeling,Peeling ultrassônico,Peeling ultrassônico,,"ultrassônico, espátula ultrassônica"
servico,imagens/catalogo/estetica-facial/peeling/dermaplaning.webp,Estética facial,Peeling,Dermaplaning,Dermaplaning,,"dermaplaning, lâmina, esfoliação com lâmina, remoção de penugem"
familia,imagens/catalogo/estetica-facial/tratamentos.webp,Estética facial,Tratamentos,,Tratamentos,"Hidratação facial, Revitalização facial, Tratamento para acne, Tratamento para manchas, Tratamento antienvelhecimento, Tratamento para olheiras","protocolo facial, tratamento de pele"
servico,imagens/catalogo/estetica-facial/tratamentos/hidratacao-facial.webp,Estética facial,Tratamentos,Hidratação facial,Hidratação facial,,"hidratação da pele, hidratação profunda, hidratar o rosto"
servico,imagens/catalogo/estetica-facial/tratamentos/revitalizacao-facial.webp,Estética facial,Tratamentos,Revitalização facial,Revitalização facial,,"revitalização, pele cansada, glow"
servico,imagens/catalogo/estetica-facial/tratamentos/tratamento-para-acne.webp,Estética facial,Tratamentos,Tratamento para acne,Tratamento para acne,,"acne, espinhas, cravos, pele oleosa"
servico,imagens/catalogo/estetica-facial/tratamentos/tratamento-para-manchas.webp,Estética facial,Tratamentos,Tratamento para manchas,Tratamento para manchas,,"melasma, clareamento de manchas, manchas, clareador"
servico,imagens/catalogo/estetica-facial/tratamentos/tratamento-antienvelhecimento.webp,Estética facial,Tratamentos,Tratamento antienvelhecimento,Tratamento antienvelhecimento,,"anti-idade, rugas, rejuvenescimento, linhas de expressão"
servico,imagens/catalogo/estetica-facial/tratamentos/tratamento-para-olheiras.webp,Estética facial,Tratamentos,Tratamento para olheiras,Tratamento para olheiras,,"olheiras, bolsas nos olhos, área dos olhos"
servico,imagens/catalogo/estetica-facial/tratamentos/mascara-facial.webp,Estética facial,Tratamentos,Máscara facial,Máscara facial,,"máscara, máscara de ouro, máscara de argila, máscara hidratante"
servico,imagens/catalogo/estetica-facial/tratamentos/drenagem-facial.webp,Estética facial,Tratamentos,Drenagem facial,Drenagem facial,,"drenagem do rosto, drenagem linfática facial, inchaço no rosto"
servico,imagens/catalogo/estetica-facial/tratamentos/massagem-facial.webp,Estética facial,Tratamentos,Massagem facial,Massagem facial,,"lifting manual, yoga facial, massagem no rosto, gua sha"
servico,imagens/catalogo/estetica-facial/tratamentos/hidratacao-labial.webp,Estética facial,Tratamentos,Hidratação labial,Hidratação labial,,"hidragloss, hidra gloss, lábios, hidratação dos lábios"
familia,imagens/catalogo/estetica-facial/tecnologias.webp,Estética facial,Tecnologias,,Tecnologias,"Microagulhamento, Radiofrequência facial, Ultrassom microfocado, Ledterapia, Alta frequência, Jato de plasma","aparelhos, eletroterapia, estética avançada"
servico,imagens/catalogo/estetica-facial/tecnologias/microagulhamento.webp,Estética facial,Tecnologias,Microagulhamento,Microagulhamento,,"dermaroller, dermapen, micro agulhamento, indução de colágeno"
servico,imagens/catalogo/estetica-facial/tecnologias/radiofrequencia-facial.webp,Estética facial,Tecnologias,Radiofrequência facial,Radiofrequência facial,,"radiofrequência, rf facial, flacidez facial"
servico,imagens/catalogo/estetica-facial/tecnologias/ultrassom-microfocado.webp,Estética facial,Tecnologias,Ultrassom microfocado,Ultrassom microfocado,,"hifu, lifting sem cirurgia, ultraformer"
servico,imagens/catalogo/estetica-facial/tecnologias/ledterapia.webp,Estética facial,Tecnologias,Ledterapia,Ledterapia,,"led, fototerapia, luz de led, máscara de led"
servico,imagens/catalogo/estetica-facial/tecnologias/alta-frequencia.webp,Estética facial,Tecnologias,Alta frequência,Alta frequência,,"alta frequencia, ozônio"
servico,imagens/catalogo/estetica-facial/tecnologias/jato-de-plasma.webp,Estética facial,Tecnologias,Jato de plasma,Jato de plasma,,"plasma, jett plasma, blefaroplastia sem corte"
servico,imagens/catalogo/estetica-facial/tecnologias/criofrequencia-facial.webp,Estética facial,Tecnologias,Criofrequência facial,Criofrequência facial,,"criofrequência, crio facial"
servico,imagens/catalogo/estetica-facial/tecnologias/carboxiterapia-facial.webp,Estética facial,Tecnologias,Carboxiterapia facial,Carboxiterapia facial,,"carboxi, carboxiterapia, co2"
servico,imagens/catalogo/estetica-facial/tecnologias/eletroterapia-facial.webp,Estética facial,Tecnologias,Eletroterapia facial,Eletroterapia facial,,"corrente, microcorrentes, lifting elétrico"
familia,imagens/catalogo/estetica-facial/procedimentos-injetaveis.webp,Estética facial,Procedimentos injetáveis,,Procedimentos injetáveis,"Toxina botulínica, Preenchimento com ácido hialurônico, Bioestimulador de colágeno, Skinbooster, Fios de PDO, Enzimas para papada","injetáveis, harmonização, biomédica, habilitação"
servico,imagens/catalogo/estetica-facial/procedimentos-injetaveis/toxina-botulinica.webp,Estética facial,Procedimentos injetáveis,Toxina botulínica,Toxina botulínica,,"botox, toxina, aplicação de botox, rugas de expressão"
servico,imagens/catalogo/estetica-facial/procedimentos-injetaveis/preenchimento-com-acido-hialuronico.webp,Estética facial,Procedimentos injetáveis,Preenchimento com ácido hialurônico,Preenchimento com ácido hialurônico,,"preenchimento, preenchimento labial, ácido hialurônico, lábios"
servico,imagens/catalogo/estetica-facial/procedimentos-injetaveis/bioestimulador-de-colageno.webp,Estética facial,Procedimentos injetáveis,Bioestimulador de colágeno,Bioestimulador de colágeno,,"bioestimulador, sculptra, radiesse, colágeno"
servico,imagens/catalogo/estetica-facial/procedimentos-injetaveis/skinbooster.webp,Estética facial,Procedimentos injetáveis,Skinbooster,Skinbooster,,"skin booster, hidratação injetável"
servico,imagens/catalogo/estetica-facial/procedimentos-injetaveis/fios-de-pdo.webp,Estética facial,Procedimentos injetáveis,Fios de PDO,Fios de PDO,,"fios de sustentação, fios, lifting com fios"
servico,imagens/catalogo/estetica-facial/procedimentos-injetaveis/enzimas-para-papada.webp,Estética facial,Procedimentos injetáveis,Enzimas para papada,Enzimas para papada,,"lipo de papada, enzimas, papada"
servico,imagens/catalogo/estetica-facial/procedimentos-injetaveis/harmonizacao-facial.webp,Estética facial,Procedimentos injetáveis,Harmonização facial,Harmonização facial,,"harmonização, full face, harmonização orofacial"
categoria,imagens/catalogo/estetica-corporal.webp,Estética corporal,,,Estética corporal,"Drenagem, modeladora, gordura localizada e bronze","corpo, corporal, estética do corpo, emagrecimento"
familia,imagens/catalogo/estetica-corporal/massagens-esteticas.webp,Estética corporal,Massagens estéticas,,Massagens estéticas,"Drenagem linfática, Massagem modeladora, Massagem turbinada, Drenagem pós-operatório, Massagem relaxante corporal","massagem estética, drenagem, modeladora"
servico,imagens/catalogo/estetica-corporal/massagens-esteticas/drenagem-linfatica.webp,Estética corporal,Massagens estéticas,Drenagem linfática,Drenagem linfática,"Manual, Com pressoterapia, Gestante","drenagem, drenagem corporal, inchaço, retenção de líquido"
servico,imagens/catalogo/estetica-corporal/massagens-esteticas/massagem-modeladora.webp,Estética corporal,Massagens estéticas,Massagem modeladora,Massagem modeladora,,"modeladora, massagem redutora, redutora, modelar"
servico,imagens/catalogo/estetica-corporal/massagens-esteticas/massagem-turbinada.webp,Estética corporal,Massagens estéticas,Massagem turbinada,Massagem turbinada,,"turbinada, drenagem + modeladora"
servico,imagens/catalogo/estetica-corporal/massagens-esteticas/drenagem-pos-operatorio.webp,Estética corporal,Massagens estéticas,Drenagem pós-operatório,Drenagem pós-operatório,,"pós operatório, pós cirúrgico, drenagem pós-cirúrgica, lipo"
servico,imagens/catalogo/estetica-corporal/massagens-esteticas/massagem-relaxante-corporal.webp,Estética corporal,Massagens estéticas,Massagem relaxante corporal,Massagem relaxante corporal,,"relaxante, massagem"
familia,imagens/catalogo/estetica-corporal/gordura-localizada.webp,Estética corporal,Gordura localizada,,Gordura localizada,"Criolipólise, Lipocavitação, Radiofrequência corporal, Carboxiterapia corporal, Ultrassom corporal, Vacuoterapia","gordura, medidas, emagrecimento, barriga"
servico,imagens/catalogo/estetica-corporal/gordura-localizada/criolipolise.webp,Estética corporal,Gordura localizada,Criolipólise,Criolipólise,,"crio, criolipolise, congelamento de gordura"
servico,imagens/catalogo/estetica-corporal/gordura-localizada/lipocavitacao.webp,Estética corporal,Gordura localizada,Lipocavitação,Lipocavitação,,"cavitação, ultracavitação, ultrassom de cavitação"
servico,imagens/catalogo/estetica-corporal/gordura-localizada/radiofrequencia-corporal.webp,Estética corporal,Gordura localizada,Radiofrequência corporal,Radiofrequência corporal,,"radiofrequência, rf corporal, flacidez corporal"
servico,imagens/catalogo/estetica-corporal/gordura-localizada/carboxiterapia-corporal.webp,Estética corporal,Gordura localizada,Carboxiterapia corporal,Carboxiterapia corporal,,"carboxi, carboxiterapia, estrias com carboxi"
servico,imagens/catalogo/estetica-corporal/gordura-localizada/ultrassom-corporal.webp,Estética corporal,Gordura localizada,Ultrassom corporal,Ultrassom corporal,,"ultrassom, ultrassom estético"
servico,imagens/catalogo/estetica-corporal/gordura-localizada/vacuoterapia.webp,Estética corporal,Gordura localizada,Vacuoterapia,Vacuoterapia,,"vácuo, endermologia, endermoterapia, vacuo"
servico,imagens/catalogo/estetica-corporal/gordura-localizada/corrente-russa.webp,Estética corporal,Gordura localizada,Corrente russa,Corrente russa,,"eletroestimulação, eletro, tonificação muscular"
servico,imagens/catalogo/estetica-corporal/gordura-localizada/enzimas-corporais.webp,Estética corporal,Gordura localizada,Enzimas corporais,Enzimas corporais,,"intradermoterapia, lipo enzimática, lipo de enzimas, enzimas"
servico,imagens/catalogo/estetica-corporal/gordura-localizada/manta-termica.webp,Estética corporal,Gordura localizada,Manta térmica,Manta térmica,,"manta, manta de emagrecimento"
servico,imagens/catalogo/estetica-corporal/gordura-localizada/detox-corporal.webp,Estética corporal,Gordura localizada,Detox corporal,Detox corporal,,"bandagem, body wrap, bandagem redutora, detox"
servico,imagens/catalogo/estetica-corporal/gordura-localizada/heccus-terapia-combinada.webp,Estética corporal,Gordura localizada,Heccus / terapia combinada,Heccus / terapia combinada,,"heccus, terapia combinada, ultrassom + corrente"
familia,imagens/catalogo/estetica-corporal/celulite-flacidez-e-estrias.webp,Estética corporal,"Celulite, flacidez e estrias",,"Celulite, flacidez e estrias","Tratamento para celulite, Tratamento para flacidez, Tratamento para estrias, Microagulhamento corporal, Tratamento para glúteos, Protocolo corporal completo","celulite, flacidez, estrias, protocolo corporal"
servico,imagens/catalogo/estetica-corporal/celulite-flacidez-e-estrias/tratamento-para-celulite.webp,Estética corporal,"Celulite, flacidez e estrias",Tratamento para celulite,Tratamento para celulite,,"celulite, anticelulite, furinhos"
servico,imagens/catalogo/estetica-corporal/celulite-flacidez-e-estrias/tratamento-para-flacidez.webp,Estética corporal,"Celulite, flacidez e estrias",Tratamento para flacidez,Tratamento para flacidez,,"flacidez, firmeza, tonificar"
servico,imagens/catalogo/estetica-corporal/celulite-flacidez-e-estrias/tratamento-para-estrias.webp,Estética corporal,"Celulite, flacidez e estrias",Tratamento para estrias,Tratamento para estrias,,"estrias, estria, clareamento de estrias"
servico,imagens/catalogo/estetica-corporal/celulite-flacidez-e-estrias/microagulhamento-corporal.webp,Estética corporal,"Celulite, flacidez e estrias",Microagulhamento corporal,Microagulhamento corporal,,"microagulhamento, estrias com microagulhamento"
servico,imagens/catalogo/estetica-corporal/celulite-flacidez-e-estrias/tratamento-para-gluteos.webp,Estética corporal,"Celulite, flacidez e estrias",Tratamento para glúteos,Tratamento para glúteos,,"bumbum up, glúteo, bumbum, levantamento de glúteos"
servico,imagens/catalogo/estetica-corporal/celulite-flacidez-e-estrias/protocolo-corporal-completo.webp,Estética corporal,"Celulite, flacidez e estrias",Protocolo corporal completo,Protocolo corporal completo,,"pacote corporal, protocolo, sessão completa"
familia,imagens/catalogo/estetica-corporal/bronzeamento.webp,Estética corporal,Bronzeamento,,Bronzeamento,"Bronzeamento a jato, Bronze natural com marquinha, Preparação pré-bronze, Esfoliação pré-bronze, Cuidados pós-bronze","bronze, bronzeado, bronzear"
servico,imagens/catalogo/estetica-corporal/bronzeamento/bronzeamento-a-jato.webp,Estética corporal,Bronzeamento,Bronzeamento a jato,Bronzeamento a jato,"Corpo inteiro, Meio corpo, Com marquinha","spray tan, bronze de spray, jato, airbrush"
servico,imagens/catalogo/estetica-corporal/bronzeamento/bronze-natural-com-marquinha.webp,Estética corporal,Bronzeamento,Bronze natural com marquinha,Bronze natural com marquinha,,"marquinha, fita, bronze de fita, bronzeamento natural"
servico,imagens/catalogo/estetica-corporal/bronzeamento/preparacao-pre-bronze.webp,Estética corporal,Bronzeamento,Preparação pré-bronze,Preparação pré-bronze,,"preparação para bronze, pré-bronze, hidratação pré-bronze"
servico,imagens/catalogo/estetica-corporal/bronzeamento/esfoliacao-pre-bronze.webp,Estética corporal,Bronzeamento,Esfoliação pré-bronze,Esfoliação pré-bronze,,"esfoliação, esfoliar antes do bronze"
servico,imagens/catalogo/estetica-corporal/bronzeamento/cuidados-pos-bronze.webp,Estética corporal,Bronzeamento,Cuidados pós-bronze,Cuidados pós-bronze,,"pós-bronze, hidratação pós-bronze, prolongar o bronze"
familia,imagens/catalogo/estetica-corporal/cuidados-com-a-pele-do-corpo.webp,Estética corporal,Cuidados com a pele do corpo,,Cuidados com a pele do corpo,"Peeling corporal, Hidratação corporal, Esfoliação corporal, Tratamento para foliculite corporal","peeling corporal, hidratação corporal, esfoliação"
servico,imagens/catalogo/estetica-corporal/cuidados-com-a-pele-do-corpo/peeling-corporal.webp,Estética corporal,Cuidados com a pele do corpo,Peeling corporal,Peeling corporal,,"peeling de corpo, peeling nas costas, peeling de axila, clareamento"
servico,imagens/catalogo/estetica-corporal/cuidados-com-a-pele-do-corpo/hidratacao-corporal.webp,Estética corporal,Cuidados com a pele do corpo,Hidratação corporal,Hidratação corporal,,"hidratação do corpo, hidratar"
servico,imagens/catalogo/estetica-corporal/cuidados-com-a-pele-do-corpo/esfoliacao-corporal.webp,Estética corporal,Cuidados com a pele do corpo,Esfoliação corporal,Esfoliação corporal,,"esfoliação, esfoliar o corpo"
servico,imagens/catalogo/estetica-corporal/cuidados-com-a-pele-do-corpo/tratamento-para-foliculite-corporal.webp,Estética corporal,Cuidados com a pele do corpo,Tratamento para foliculite corporal,Tratamento para foliculite corporal,,"foliculite, pelos encravados"
categoria,imagens/catalogo/micropigmentacao.webp,Micropigmentação,,,Micropigmentação,"Sobrancelhas, lábios, olhos, retoques e remoção","micro, micropigmentadora, micropigmentar, dermopigmentação, tatuagem estética"
familia,imagens/catalogo/micropigmentacao/sobrancelhas.webp,Micropigmentação,Sobrancelhas,,Sobrancelhas,Micropigmentação de sobrancelhas,"micro de sobrancelha, sobrancelha definitiva, microblading"
servico,imagens/catalogo/micropigmentacao/sobrancelhas/micropigmentacao-de-sobrancelhas.webp,Micropigmentação,Sobrancelhas,Micropigmentação de sobrancelhas,Micropigmentação de sobrancelhas,"Microblading, Fio a fio, Shadow, Ombré, Powder brows, Técnica híbrida","micro, micropigmentação, sobrancelha definitiva, tatuagem de sobrancelha"
familia,imagens/catalogo/micropigmentacao/labios.webp,Micropigmentação,Lábios,,Lábios,Micropigmentação labial,"micro labial, lábios, boca, lip blush"
servico,imagens/catalogo/micropigmentacao/labios/micropigmentacao-labial.webp,Micropigmentação,Lábios,Micropigmentação labial,Micropigmentação labial,"Revitalização labial, Neutralização labial, Efeito batom, Contorno labial","micro labial, micro de boca, lábios definitivos, lip blush"
familia,imagens/catalogo/micropigmentacao/olhos.webp,Micropigmentação,Olhos,,Olhos,Micropigmentação de olhos,"micro de olhos, delineado definitivo, olhos"
servico,imagens/catalogo/micropigmentacao/olhos/micropigmentacao-de-olhos.webp,Micropigmentação,Olhos,Micropigmentação de olhos,Micropigmentação de olhos,"Delineado, Lash line, Delineado esfumado","delineado definitivo, micro de olhos, eyeliner definitivo, micro nos olhos"
familia,imagens/catalogo/micropigmentacao/retoques-correcoes-e-remocao.webp,Micropigmentação,"Retoques, correções e remoção",,"Retoques, correções e remoção","Retoque de micropigmentação, Correção de cor, Neutralização, Remoção de micropigmentação","retoque, correção, remoção, tirar micro"
servico,imagens/catalogo/micropigmentacao/retoques-correcoes-e-remocao/retoque-de-micropigmentacao.webp,Micropigmentação,"Retoques, correções e remoção",Retoque de micropigmentação,Retoque de micropigmentação,"Retoque de 30 a 45 dias, Retoque anual","retoque, retoque de micro, segunda sessão, manutenção de micro"
servico,imagens/catalogo/micropigmentacao/retoques-correcoes-e-remocao/correcao-de-cor.webp,Micropigmentação,"Retoques, correções e remoção",Correção de cor,Correção de cor,,"correção de micro, micro avermelhada, micro azulada, corrigir a cor"
servico,imagens/catalogo/micropigmentacao/retoques-correcoes-e-remocao/neutralizacao.webp,Micropigmentação,"Retoques, correções e remoção",Neutralização,Neutralização,,"neutralização de pigmento, neutralizar, camuflagem de micro antiga"
servico,imagens/catalogo/micropigmentacao/retoques-correcoes-e-remocao/remocao-de-micropigmentacao.webp,Micropigmentação,"Retoques, correções e remoção",Remoção de micropigmentação,Remoção de micropigmentação,"A laser, Química","remoção de micro, despigmentação, remoção de pigmento, tirar micro"
categoria,imagens/catalogo/bem-estar-e-spa.webp,Bem-estar e spa,,,Bem-estar e spa,"Massagens, terapias e relaxamento","massagem, spa, massoterapia, terapias, relaxar"
familia,imagens/catalogo/bem-estar-e-spa/massagens.webp,Bem-estar e spa,Massagens,,Massagens,"Massagem relaxante, Massagem terapêutica, Massagem desportiva, Quick massage, Massagem para gestante, Massagem tailandesa","massagem relaxante, massoterapia, massagista"
servico,imagens/catalogo/bem-estar-e-spa/massagens/massagem-relaxante.webp,Bem-estar e spa,Massagens,Massagem relaxante,Massagem relaxante,"Com pedras quentes, Com velas, Com aromaterapia, Sueca, Com bambu, Com pindas","massagem, relaxante, relaxar, massagem de relaxamento"
servico,imagens/catalogo/bem-estar-e-spa/massagens/massagem-terapeutica.webp,Bem-estar e spa,Massagens,Massagem terapêutica,Massagem terapêutica,,"massoterapia, massagem para dor, dor nas costas, tensão"
servico,imagens/catalogo/bem-estar-e-spa/massagens/massagem-desportiva.webp,Bem-estar e spa,Massagens,Massagem desportiva,Massagem desportiva,,"esportiva, massagem para atleta, pós-treino"
servico,imagens/catalogo/bem-estar-e-spa/massagens/quick-massage.webp,Bem-estar e spa,Massagens,Quick massage,Quick massage,,"massagem rápida, massagem na cadeira, massagem expressa"
servico,imagens/catalogo/bem-estar-e-spa/massagens/massagem-para-gestante.webp,Bem-estar e spa,Massagens,Massagem para gestante,Massagem para gestante,,"gestante, grávida, massagem na gravidez"
servico,imagens/catalogo/bem-estar-e-spa/massagens/massagem-tailandesa.webp,Bem-estar e spa,Massagens,Massagem tailandesa,Massagem tailandesa,,"tailandesa, thai, thai massage"
servico,imagens/catalogo/bem-estar-e-spa/massagens/shiatsu.webp,Bem-estar e spa,Massagens,Shiatsu,Shiatsu,,"shiatsu, massagem japonesa"
servico,imagens/catalogo/bem-estar-e-spa/massagens/massagem-ayurvedica.webp,Bem-estar e spa,Massagens,Massagem ayurvédica,Massagem ayurvédica,,"ayurveda, ayurvédica, abhyanga"
servico,imagens/catalogo/bem-estar-e-spa/massagens/massagem-nos-pes.webp,Bem-estar e spa,Massagens,Massagem nos pés,Massagem nos pés,,"massagem podal, pés cansados"
servico,imagens/catalogo/bem-estar-e-spa/massagens/massagem-para-casal.webp,Bem-estar e spa,Massagens,Massagem para casal,Massagem para casal,,"casal, massagem a dois"
familia,imagens/catalogo/bem-estar-e-spa/terapias.webp,Bem-estar e spa,Terapias,,Terapias,"Reflexologia, Ventosaterapia, Auriculoterapia, Acupuntura, Reiki, Liberação miofascial","terapia, terapias integrativas, holístico"
servico,imagens/catalogo/bem-estar-e-spa/terapias/reflexologia.webp,Bem-estar e spa,Terapias,Reflexologia,Reflexologia,,"reflexologia podal, reflexo, pontos nos pés"
servico,imagens/catalogo/bem-estar-e-spa/terapias/ventosaterapia.webp,Bem-estar e spa,Terapias,Ventosaterapia,Ventosaterapia,,"ventosa, ventosas, cupping"
servico,imagens/catalogo/bem-estar-e-spa/terapias/auriculoterapia.webp,Bem-estar e spa,Terapias,Auriculoterapia,Auriculoterapia,,"auricular, sementes na orelha, acupuntura auricular"
servico,imagens/catalogo/bem-estar-e-spa/terapias/acupuntura.webp,Bem-estar e spa,Terapias,Acupuntura,Acupuntura,,"agulhas, acupuntura chinesa"
servico,imagens/catalogo/bem-estar-e-spa/terapias/reiki.webp,Bem-estar e spa,Terapias,Reiki,Reiki,,"reiki, energização"
servico,imagens/catalogo/bem-estar-e-spa/terapias/liberacao-miofascial.webp,Bem-estar e spa,Terapias,Liberação miofascial,Liberação miofascial,,"miofascial, liberação, fáscia"
servico,imagens/catalogo/bem-estar-e-spa/terapias/drenagem-relaxante.webp,Bem-estar e spa,Terapias,Drenagem relaxante,Drenagem relaxante,,"drenagem, drenagem linfática relaxante"
servico,imagens/catalogo/bem-estar-e-spa/terapias/terapia-com-pedras-quentes.webp,Bem-estar e spa,Terapias,Terapia com pedras quentes,Terapia com pedras quentes,,"pedras quentes, hot stone therapy"
familia,imagens/catalogo/bem-estar-e-spa/spa.webp,Bem-estar e spa,Spa,,Spa,"Day spa, Ritual de spa, Banho de ofurô, Sauna, Escalda-pés, Esfoliação e hidratação corporal","day spa, ritual, pacote spa"
servico,imagens/catalogo/bem-estar-e-spa/spa/day-spa.webp,Bem-estar e spa,Spa,Day spa,Day spa,,"dia de spa, dia no spa, pacote spa, spa day"
servico,imagens/catalogo/bem-estar-e-spa/spa/ritual-de-spa.webp,Bem-estar e spa,Spa,Ritual de spa,Ritual de spa,,"ritual, ritual relaxante, experiência spa"
servico,imagens/catalogo/bem-estar-e-spa/spa/banho-de-ofuro.webp,Bem-estar e spa,Spa,Banho de ofurô,Banho de ofurô,,"ofurô, ofuro, banheira"
servico,imagens/catalogo/bem-estar-e-spa/spa/sauna.webp,Bem-estar e spa,Spa,Sauna,Sauna,,"sauna seca, sauna a vapor"
servico,imagens/catalogo/bem-estar-e-spa/spa/escalda-pes.webp,Bem-estar e spa,Spa,Escalda-pés,Escalda-pés,,"escalda pés, escaldapés, banho de pés"
servico,imagens/catalogo/bem-estar-e-spa/spa/esfoliacao-e-hidratacao-corporal.webp,Bem-estar e spa,Spa,Esfoliação e hidratação corporal,Esfoliação e hidratação corporal,,"esfoliação com hidratação, ritual corporal"
servico,imagens/catalogo/bem-estar-e-spa/spa/spa-das-noivas.webp,Bem-estar e spa,Spa,Spa das noivas,Spa das noivas,,"noiva spa, pacote noiva relaxante"
